{
  "description": "Target 100 cities for content enhancement - 20 per state, sorted by population",
  "created": "2026-01-11",
  "total": 100,
  "new-york": [
    {"slug": "new-york", "name": "New York City", "population": 8336817, "priority": 1},
    {"slug": "brookhaven", "name": "Brookhaven", "population": 489594, "priority": 2},
    {"slug": "islip", "name": "Islip", "population": 339479, "priority": 3},
    {"slug": "oyster-bay", "name": "Oyster Bay", "population": 301798, "priority": 4},
    {"slug": "buffalo", "name": "Buffalo", "population": 278349, "priority": 5},
    {"slug": "yonkers", "name": "Yonkers", "population": 211569, "priority": 6},
    {"slug": "rochester", "name": "Rochester", "population": 211328, "priority": 7},
    {"slug": "syracuse", "name": "Syracuse", "population": 148620, "priority": 8},
    {"slug": "albany", "name": "Albany", "population": 99224, "priority": 9},
    {"slug": "cheektowaga", "name": "Cheektowaga", "population": 86932, "priority": 10},
    {"slug": "white-plains", "name": "White Plains", "population": 59599, "priority": 11},
    {"slug": "hempstead", "name": "Hempstead", "population": 53891, "priority": 12},
    {"slug": "niagara-falls", "name": "Niagara Falls", "population": 48671, "priority": 13},
    {"slug": "spring-valley", "name": "Spring Valley", "population": 33459, "priority": 14},
    {"slug": "harrison", "name": "Harrison", "population": 28986, "priority": 15},
    {"slug": "kingston", "name": "Kingston", "population": 24179, "priority": 16},
    {"slug": "cohoes", "name": "Cohoes", "population": 18977, "priority": 17},
    {"slug": "amsterdam", "name": "Amsterdam", "population": 17603, "priority": 18},
    {"slug": "commack", "name": "Commack", "population": 36000, "priority": 19},
    {"slug": "farmington", "name": "Farmington", "population": 12000, "priority": 20}
  ],
  "new-jersey": [
    {"slug": "newark", "name": "Newark", "population": 311549, "priority": 1},
    {"slug": "jersey-city", "name": "Jersey City", "population": 292449, "priority": 2},
    {"slug": "paterson", "name": "Paterson", "population": 159732, "priority": 3},
    {"slug": "elizabeth", "name": "Elizabeth", "population": 137298, "priority": 4},
    {"slug": "lakewood", "name": "Lakewood", "population": 135158, "priority": 5},
    {"slug": "edison", "name": "Edison", "population": 107588, "priority": 6},
    {"slug": "woodbridge", "name": "Woodbridge", "population": 103639, "priority": 7},
    {"slug": "toms-river", "name": "Toms River", "population": 95438, "priority": 8},
    {"slug": "hamilton-township", "name": "Hamilton Township", "population": 91271, "priority": 9},
    {"slug": "trenton", "name": "Trenton", "population": 90871, "priority": 10},
    {"slug": "clifton", "name": "Clifton", "population": 90296, "priority": 11},
    {"slug": "camden", "name": "Camden", "population": 71791, "priority": 12},
    {"slug": "cherry-hill", "name": "Cherry Hill", "population": 74553, "priority": 13},
    {"slug": "passaic", "name": "Passaic", "population": 72347, "priority": 14},
    {"slug": "bayonne", "name": "Bayonne", "population": 71852, "priority": 15},
    {"slug": "north-bergen", "name": "North Bergen", "population": 65254, "priority": 16},
    {"slug": "vineland", "name": "Vineland", "population": 60724, "priority": 17},
    {"slug": "sayreville", "name": "Sayreville", "population": 47589, "priority": 18},
    {"slug": "atlantic-city", "name": "Atlantic City", "population": 38429, "priority": 19},
    {"slug": "parsippany", "name": "Parsippany", "population": 56214, "priority": 20}
  ],
  "pennsylvania": [
    {"slug": "philadelphia", "name": "Philadelphia", "population": 1603797, "priority": 1},
    {"slug": "pittsburgh", "name": "Pittsburgh", "population": 302971, "priority": 2},
    {"slug": "allentown", "name": "Allentown", "population": 126092, "priority": 3},
    {"slug": "reading", "name": "Reading", "population": 95112, "priority": 4},
    {"slug": "erie", "name": "Erie", "population": 94831, "priority": 5},
    {"slug": "scranton", "name": "Scranton", "population": 76997, "priority": 6},
    {"slug": "bethlehem", "name": "Bethlehem", "population": 75781, "priority": 7},
    {"slug": "lancaster-pa", "name": "Lancaster", "population": 64535, "priority": 8},
    {"slug": "harrisburg", "name": "Harrisburg", "population": 50099, "priority": 9},
    {"slug": "chester", "name": "Chester", "population": 33081, "priority": 10},
    {"slug": "washington", "name": "Washington", "population": 13508, "priority": 11},
    {"slug": "ephrata", "name": "Ephrata", "population": 13616, "priority": 12},
    {"slug": "mount-pocono", "name": "Mount Pocono", "population": 3170, "priority": 13},
    {"slug": "hempfield-township", "name": "Hempfield Township", "population": 42000, "priority": 14},
    {"slug": "white-oak", "name": "White Oak", "population": 7862, "priority": 15},
    {"slug": "west-norriton", "name": "West Norriton", "population": 15600, "priority": 16},
    {"slug": "berlin", "name": "Berlin", "population": 2000, "priority": 17},
    {"slug": "smithfield", "name": "Smithfield", "population": 1500, "priority": 18},
    {"slug": "montoursville", "name": "Montoursville", "population": 4500, "priority": 19},
    {"slug": "beech-creek", "name": "Beech Creek", "population": 700, "priority": 20}
  ],
  "ohio": [
    {"slug": "columbus", "name": "Columbus", "population": 905748, "priority": 1},
    {"slug": "cleveland", "name": "Cleveland", "population": 372624, "priority": 2},
    {"slug": "cincinnati", "name": "Cincinnati", "population": 309317, "priority": 3},
    {"slug": "toledo", "name": "Toledo", "population": 270871, "priority": 4},
    {"slug": "akron", "name": "Akron", "population": 190469, "priority": 5},
    {"slug": "dayton", "name": "Dayton", "population": 137644, "priority": 6},
    {"slug": "parma", "name": "Parma", "population": 81601, "priority": 7},
    {"slug": "canton", "name": "Canton", "population": 70458, "priority": 8},
    {"slug": "lorain", "name": "Lorain", "population": 65211, "priority": 9},
    {"slug": "hamilton-oh", "name": "Hamilton", "population": 63268, "priority": 10},
    {"slug": "youngstown", "name": "Youngstown", "population": 60068, "priority": 11},
    {"slug": "springfield-oh", "name": "Springfield", "population": 59573, "priority": 12},
    {"slug": "mansfield", "name": "Mansfield", "population": 46714, "priority": 13},
    {"slug": "strongsville", "name": "Strongsville", "population": 45929, "priority": 14},
    {"slug": "massillon", "name": "Massillon", "population": 32670, "priority": 15},
    {"slug": "wooster", "name": "Wooster", "population": 27012, "priority": 16},
    {"slug": "lima", "name": "Lima", "population": 36908, "priority": 17},
    {"slug": "stow", "name": "Stow", "population": 34770, "priority": 18},
    {"slug": "willoughby", "name": "Willoughby", "population": 22584, "priority": 19},
    {"slug": "north-royalton", "name": "North Royalton", "population": 30827, "priority": 20}
  ],
  "florida": [
    {"slug": "jacksonville", "name": "Jacksonville", "population": 949611, "priority": 1},
    {"slug": "miami", "name": "Miami", "population": 442241, "priority": 2},
    {"slug": "tampa", "name": "Tampa", "population": 384959, "priority": 3},
    {"slug": "orlando", "name": "Orlando", "population": 307573, "priority": 4},
    {"slug": "st-petersburg", "name": "St. Petersburg", "population": 258308, "priority": 5},
    {"slug": "port-st-lucie", "name": "Port St. Lucie", "population": 231790, "priority": 6},
    {"slug": "hialeah", "name": "Hialeah", "population": 223109, "priority": 7},
    {"slug": "cape-coral", "name": "Cape Coral", "population": 204510, "priority": 8},
    {"slug": "tallahassee", "name": "Tallahassee", "population": 196169, "priority": 9},
    {"slug": "fort-lauderdale", "name": "Fort Lauderdale", "population": 182760, "priority": 10},
    {"slug": "pembroke-pines", "name": "Pembroke Pines", "population": 171178, "priority": 11},
    {"slug": "hollywood-fl", "name": "Hollywood", "population": 153627, "priority": 12},
    {"slug": "gainesville", "name": "Gainesville", "population": 141085, "priority": 13},
    {"slug": "miramar", "name": "Miramar", "population": 134721, "priority": 14},
    {"slug": "coral-springs", "name": "Coral Springs", "population": 134394, "priority": 15},
    {"slug": "palm-bay", "name": "Palm Bay", "population": 124990, "priority": 16},
    {"slug": "west-palm-beach", "name": "West Palm Beach", "population": 117415, "priority": 17},
    {"slug": "clearwater", "name": "Clearwater", "population": 117292, "priority": 18},
    {"slug": "lakeland", "name": "Lakeland", "population": 112641, "priority": 19},
    {"slug": "pompano-beach", "name": "Pompano Beach", "population": 112046, "priority": 20}
  ]
}
